Edible,Color,Shape,Surface
I,Pale,Polypore,Smooth
E,White,Convex-Bellshaped,Smooth-Fibrous
E,White-Yellow,Convex,Smooth
E,Brown,Bellshaped-Convex,FlatScales-Fibrous
E,,Convex-Flat,Fibrous
E,White,Convex,FlatScales-Patches
E,White,Convex-Flat,Smooth
E,White,Convex,Smooth-Fibrous
E,White,Convex,Smooth
I,White-Tan,Conical-Convex,Patches-Fibrous
E,White-Brown,Convex,Smooth-Silky
E,Pink-Brown,Convex-Flat,Fibrous
E,Pale,Convex-Flat,FlatScales
P,White-Brown,Convex,Fibrous-FlatScales
E,Purple-Brown,Convex,FlatScales
P,White,Convex-Flat,Smooth
E,White,Convex-Flat,Fibrous-Patches
E,Brown,Convex,Smooth
P,White,Convex-Flat,FlatScales
E,White,Convex-Flat,Smooth
E,White,Convex-Flat,Smooth
P,White-Brown,Convex-Flat,FlatScales
I,White-Brown,Convex-Flat,Smooth
P,Brown,Convex,Fibrous-FlatScales
E,Brown,Convex-Flat,Smooth-FlatScales
E,Brown-Purple,Convex-Flat,Fibrous
E,Brown,Convex,FlatScales
E,White,Convex-Flat,Smooth
I,Orange,Convex-Flat,RaisedScales
P,White-Pale,Convex-Flat,Smooth
E,Yellow,Convex-Flat,Smooth-Patches
P,Yellow,Convex-Flat,Smooth
E,Brown,Convex-Flat,Smooth
I,Brown-Tan,Convex-Flat,Velvety
E,Pale-Brown,Convex-Flat,Smooth
E,Pale-Tan,Convex,Smooth-FlatScales
E,Pale,Convex-Flat,
P,White,Convex-Depressed,Smooth
E,Yellow,Depressed,FlatScales
E,Orange,CupFungi,Smooth
E,Purple,CoralFungi,Smooth
I,White-Gray,Convex-Flat,Smooth
P,Brown-Gray,Convex-Knobbed,Smooth
I,Pale-Gray,Bellshaped-Flat,Smooth
E,Orange,Convex,Smooth
E,Brown,Bellshaped-Flat,Smooth-Patches
I,White,Convex-Flat,Patches
E,Black-Brown,Convex-Flat,Smooth-Patches
P,Orange,Convex-Flat,Smooth
I,White,Convex-Flat,Patches
P,White,Convex,RaisedScales
I,Pale-White,Convex,Smooth-Patches
P,Brown-Gray,Convex-Flat,Patches
I,Yellow,Convex-Flat,Patches
P,,Convex-Flat,Smooth-Fibrous
E,Brown,Conical-Convex,Smooth
P,Yellow,Convex-Flat,Smooth
E,Red-Orange,Convex-Depressed,Smooth
E,Red-Orange,Convex-Knobbed,Smooth
I,Gray-Brown,Convex-Flat,Smooth-Patches
I,White,Convex-Flat,RaisedScales
I,Brown-Gray,Convex-Flat,Smooth-Silky
I,White-Pale,Convex-Flat,Smooth-Patches
P,Red,Convex-Flat,Patches
P,White,Convex,Smooth
E,White-Pink,Convex-Flat,Smooth-Patches
P,White,Convex-Flat,Smooth
E,White,Convex-Flat,Smooth-Fibrous
E,Brown,Convex,Smooth
E,Red-Orange,Convex-Flat,Patches
P,Yellow,Convex,Smooth
P,Gray-Brown,Convex-Flat,Smooth
P,White,Convex-Flat,Smooth
P,Gray-Brown,Convex-Flat,Smooth
P,Brown,Convex-Flat,Patches
I,Red-Orange,Convex-Flat,Smooth-Patches
P,White-Pale,Convex,Patches
P,Brown-Gray,Convex-Flat,Smooth
E,Orange-Yellow,Conical-Convex,Smooth
I,Gray-Brown,Convex-Flat,Smooth
E,Gray,Convex-Flat,Smooth
P,White,Bellshaped-Convex,Smooth
P,White,Convex-Flat,RaisedScales
P,White,Convex-Flat,Patches-Fibrous
P,Brown,Depressed,Smooth
E,Gray-Brown,Flat-Depressed,Smooth
P,Orange-Brown,Convex,RaisedScales
E,Yellow-Brown,Convex-Flat,RaisedScales
I,Brown,Convex-Flat,Smooth
E,Yellow-Brown,Convex-Flat,Hairy-Fibrous
E,Brown-Yellow,Convex,Smooth
E,Brown-Yellow,Convex-Flat,Smooth-FlatScales
I,Blue,Depressed-Flat,Velvety
P,Gray-Black,Depressed,Smooth-Fibrous
E,White,CoralFungi,Smooth
I,Purple,CupFungi,Smooth
P,Purple,JellyFungi-CupFungi,Smooth
P,Red,Stinkhorns,
I,Brown,Convex,Powder
P,White,Convex,Silky
I,Brown-White,Earthstars,
I,White,,
E,Brown,Convex-Bolete,Smooth-Silky
E,Brown,JellyFungi,Silky
E,Pale,,Smooth-Hairy
E,Brown-Black,CupFungi,Hairy
P,Black-Brown,Convex-ToothFungi,Hairy
E,Brown,Convex-Flat,Patches-Smooth
E,Brown,Convex,RaisedScales
P,White,Convex-Bellshaped,Smooth
E,White,Bellshaped-Convex,Smooth
P,Brown,Convex-Flat,Patches
E,White-Brown,Convex-Flat,Smooth
E,Brown,Convex,Silky
I,Brown,Convex,Powder
I,Yellow,CupFungi,Smooth
I,Yellow,CupFungi,
I,Gray,Polypore-Shellshaped,Hairy-Velvety
E,Brown-Orange,Convex-Depressed,Smooth
E,Brown,Conical-Knobbed,Smooth
P,Yellow,Bellshaped,Smooth
E,Brown,Bolete-Convex,Smooth-Velvety
E,Brown-Yellow,Convex-Funnelshaped,Smooth-Silky
E,Gray-Black,Convex-Depressed,Smooth
E,Black,Convex-Bolete,Smooth-Silky
E,Brown,Convex-Bolete,Smooth-Velvety
E,Pale,Convex-Bolete,Smooth-Silky
E,Gray,Convex-Bolete,Smooth-Silky
E,Red,Convex-Bolete,Velvety-Silky
E,Red,Convex-Bolete,Silky
E,Brown,Convex-Bolete,Smooth-Silky
P,Brown,Convex-Bolete,Silky-Smooth
E,Brown,Convex-Bolete,Smooth
E,Brown,Convex-Bolete,Smooth-FlatScales
E,Brown,Convex-Bolete,Smooth
E,Brown,Convex-Bolete,Smooth-Silky
I,Brown-Red,Convex,Velvety-Smooth
P,Red-Brown,Convex-Bolete,Smooth-Silky
E,White-Brown,Shellshaped-Polypore,Velvety
I,White,Convex-Depressed,Smooth
E,White,Puffballs,Smooth
E,White,Puffballs,Smooth-Patches
E,White-Gray,Puffballs,Smooth
E,White-Pale,Puffballs,Smooth-FlatScales
P,Brown,Convex-Bolete,Velvety-Silky
I,Black,CupFungi,Smooth
E,Brown,Convex-Bolete,Smooth-FlatScales
E,Gray-Pale,Convex-Bolete,Smooth-Silky
E,Pink-Red,Convex-Bolete,Smooth-Silky
P,White-Pale,Corticioid,Velvety
P,Orange,CupFungi,Smooth
I,Orange-Yellow,CupFungi,Smooth
E,Blue,Convex-Depressed,Smooth
I,Brown,Convex-Depressed,Smooth
I,White,Polypore-Shellshaped,Velvety
P,Gray,Convex-Bolete,Smooth-FlatScales
I,White,Convex-Bolete,Smooth-Silky
P,Yellow,CoralFungi,Smooth
P,Yellow,JellyFungi,Smooth
E,Orange-Yellow,JellyFungi-CoralFungi,Smooth
E,White,Convex,Smooth
I,Yellow-Orange,CupFungi,
I,Red,Puffballs-Stinkhorns,Smooth
E,White-Tan,Puffballs,Patches-FlatScales
E,White,Puffballs,Patches
E,Tan-Pale,Convex,Smooth
E,Gray,Convex-Depressed,Smooth
E,Yellow,Depressed-Chanterelles,Smooth
E,Yellow-Orange,Chanterelles-Depressed,Smooth
E,Yellow,Chanterelles-Funnelshaped,Smooth
E,Black,Funnelshaped,Smooth
E,Orange-Red,Convex-Depressed,Smooth
E,Yellow-Orange,Funnelshaped,Smooth
E,White-Pale,Convex-Depressed,Smooth
E,Brown-Gray,Convex-Depressed,Smooth
E,Brown,Convex-Depressed,Smooth-FlatScales
E,Gray,Convex-Flat,Smooth
I,Brown,Polypore,Smooth
E,Pale,Polypore-Shellshaped,FlatScales
I,Green-Gray,Polypore-Shellshaped,Velvety
P,Brown,Convex-Bolete,Smooth
P,,Convex-Bolete,Smooth-Velvety
I,Orange,CupFungi,Hairy
P,Orange,CupFungi,Smooth
P,Orange,CupFungi,Hairy
I,Yellow,CupFungi,Smooth-Hairy
E,Brown,Convex-Bolete,Velvety-FlatScales
P,Blue-Green,CupFungi,Smooth
I,Blue,CupFungi,Smooth
E,White-Tan,Puffballs,Smooth-Fibrous
I,White-Yellow,Convex-Flat,Fibrous
E,Brown,Convex-Flat,Fibrous-Patches
E,Brown-Pale,Convex-Bellshaped,Hairy-Fibrous
P,Yellow-Green,CupFungi,Smooth-Fibrous
P,Purple-Violet,Corticioid,Velvety
P,Lilac-Yellow,Convex-Depressed,Smooth
E,Brown,Convex-Depressed,Smooth
E,Brown,Conical,Fibrous
E,Pale,Convex-Flat,Fibrous
P,Yellow-Brown,Convex-Depressed,Smooth
I,Brown,CupFungi,
P,Red,Stinkhorns,
I,Red,Stinkhorns,
I,Red,Stinkhorns,
P,Yellow,CoralFungi,Smooth
E,Tan-Pale,CoralFungi,Smooth
I,Violet-Purple,CoralFungi,Smooth
I,Pale,CoralFungi,Smooth
E,Yellow-Brown,CoralFungi,Smooth
E,Yellow-Orange,CoralFungi-Depressed,Smooth
E,Purple,CoralFungi,Smooth
E,Gray,CoralFungi,Smooth
E,White,CoralFungi,Smooth
E,White,CoralFungi,Smooth
I,Yellow,CoralFungi,Smooth
P,Yellow,CoralFungi,Smooth
P,Yellow,CoralFungi,Smooth
P,Yellow,CoralFungi,Smooth
P,Orange,CoralFungi,Smooth
P,Brown-Pale,CoralFungi,Smooth
I,Yellow,Polypore-Shellshaped,Velvety
I,White,Shellshaped-ToothFungi,Hairy
I,White,Polypore-Shellshaped,Velvety
P,Gray,Flat-Depressed,Smooth
E,White-Pale,Convex-Depressed,Smooth
E,Pale,Funnelshaped,Smooth
P,Pale-Gray,Convex-Flat,Smooth
E,Violet,Convex-Flat,Smooth
P,White,Flat-Depressed,Smooth
P,Gray-Pale,Convex-Flat,Smooth
P,Brown,Funnelshaped,Smooth
E,Brown-Violet,Convex-Depressed,Smooth
I,Gray,Convex-Depressed,Smooth
E,Pale-Brown,Convex-Flat,Smooth
E,Pale-Gray,Convex-Depressed,Smooth
I,White,Convex-Flat,Smooth
P,White,Convex-Flat,Smooth
I,White,Convex-Depressed,Smooth
I,Brown,Funnelshaped-Flat,Smooth-Silky
I,Brown,Polypore-Funnelshaped,Velvety
P,Red,Stinkhorns,
P,Red,Stinkhorns,
P,Pale-White,Conical,Smooth
P,Brown,Convex-Bellshaped,Smooth
I,Brown-Tan,Conical-Convex,Smooth
I,Brown-Pale,Convex-Depressed,Smooth
P,Brown,Cylindrical,Patches
I,Brown-Pale,Conical-Flat,Patches
P,Brown-Gray,Conical-Convex,Fibrous
P,Brown,Bellshaped,Smooth
E,Pale,Bellshaped,Smooth
E,Gray-Pale,Bellshaped,Smooth
E,Gray,Convex-Flat,Hairy-Fibrous
I,Gray,Cylindrical-Flat,Hairy
E,White,Cylindrical-Conical,Patches-Powder
I,Gray-Brown,Bellshaped-Cylindrical,Fibrous-Patches
I,Blue,Convex,Powder-RaisedScales
E,White,Cylindrical,Patches-Fibrous
P,White,Cylindrical-Bellshaped,Hairy-Fibrous
E,Brown,Convex,Smooth
E,Orange,CoralFungi,
P,Pale-Purple,Convex-Bellshaped,Smooth
I,Gray-Lilac,Convex,
I,Black-Purple,Convex-Flat,Smooth
I,Violet,Convex-Flat,Smooth-Slimy
E,Brown-Yellow,Convex-Knobbed,Smooth
I,Brown,Convex-Bellshaped,Smooth
P,Red,Convex-Bellshaped,FlatScales
E,Violet,Convex-Flat,Smooth
P,Lilac-Purple,Convex,Smooth-Fibrous
I,Brown,Convex-Flat,Smooth
E,Pale-Yellow,Convex-Bellshaped,Smooth
P,Brown,Convex-Conical,Silky
I,Brown,Conical-Bellshaped,Smooth
P,Black-Brown,Convex-Knobbed,Smooth
P,Yellow,Convex,Smooth
P,Black-Gray,Convex-Knobbed,Hairy-Fibrous
E,Yellow,Convex,Smooth
I,Brown,Convex-Knobbed,Hairy-Fibrous
P,Brown,Knobbed,Smooth
I,Lilac-Purple,Bellshaped-Convex,Smooth-Slimy
P,Brown-Orange,Convex-Flat,Smooth
P,Yellow-Orange,Convex,Smooth
P,Brown,Convex-Flat,Smooth
E,Violet,Convex,Smooth
P,Brown,Convex-Bellshaped,Smooth-Silky
E,Brown-Purple,Convex,Fibrous
P,Brown,Convex-Knobbed,Smooth
E,Pink,Convex-Flat,Smooth
I,Blue-Violet,Convex-Flat,Smooth
P,Red,Convex,Fibrous-Silky
P,Brown,Convex-Knobbed,Smooth-Fibrous
P,Brown,Convex-Knobbed,Silky
P,Violet,Convex,Smooth
P,Brown-Lilac,Convex-Bellshaped,Fibrous-Silky
P,Lilac-Purple,Convex,Smooth-Silky
E,Yellow,Convex,Smooth-Fibrous
P,Brown,Convex-Bellshaped,Smooth
I,Orange,Conical-Convex,Smooth
E,Yellow,Convex-Depressed,Smooth
P,Violet,Convex,RaisedScales
E,Black,Funnelshaped,Smooth
E,Brown-Yellow,Chanterelles-Funnelshaped,Fibrous
P,White,Shellshaped,Smooth-Silky
P,White,Shellshaped,Hairy-Fibrous
P,White,Shellshaped,Smooth-Fibrous
P,White-Pale,Shellshaped,Hairy
P,Brown,CupFungi,
I,Yellow-Green,Bellshaped,Hairy
I,Brown,Polypore,Smooth
P,Pale,JellyFungi,Smooth
P,Brown,Convex-JellyFungi,Smooth
E,Orange,Convex-Flat,Smooth-Fibrous
E,White,Convex-Depressed,Smooth
E,Brown,Convex-Bolete,Smooth
I,Gray-Brown,CupFungi,
P,Black-Brown,CupFungi,Hairy
P,Brown-Gray,CupFungi,
E,Pale-Brown,Convex-Flat,Smooth
E,Brown-Black,Convex,Smooth
I,Yellow,Convex-Flat,RaisedScales
I,Brown-Yellow,Conical-Bellshaped,Patches
P,Brown,Convex,Powder
P,Brown,Convex-Flat,RaisedScales
I,Orange,Convex-Bellshaped,RaisedScales
I,White,Convex-Knobbed,Fibrous-Silky
I,Red,Stinkhorns,
E,White,CoralFungi,Smooth
E,Gray,Convex-Bellshaped,Smooth
P,White,Convex-Flat,Patches
E,White,Puffballs,Smooth
E,Yellow,Chanterelles-Funnelshaped,Smooth
P,Yellow,JellyFungi,Smooth
E,Orange,JellyFungi,Smooth
P,Orange,JellyFungi,Smooth
I,Brown,Polypore-Shellshaped,Smooth
E,Brown,Polypore-Shellshaped,Smooth
I,Black,,Smooth
P,Black,Corticioid,Smooth
P,Brown,Convex,Smooth
P,Gray-Brown,Convex-Flat,Smooth
I,Black-Brown,Earthstars,Smooth
E,Brown,CupFungi,Smooth-Silky
E,Brown,CupFungi,Smooth
E,Brown-Yellow,Conical-Knobbed,Smooth
I,Brown,CupFungi,
E,Red,Convex-Bolete,Smooth
P,Brown-Pale,Convex-Flat,RaisedScales
P,Brown,Convex-Bellshaped,RaisedScales
I,Brown,Truffles,FlatScales
P,Black,Convex-Flat,Silky-Fibrous
E,White-Gray,Convex-Flat,Smooth
P,Purple-Gray,Convex-Knobbed,Smooth
P,Brown,Conical-Convex,Smooth
P,Black,Convex,FlatScales
P,Gray-Brown,Convex-Depressed,Smooth
P,Brown,Convex-Bellshaped,Smooth-Fibrous
I,Black-Gray,Convex-Bellshaped,Smooth
P,Blue,Conical,Smooth-Fibrous
P,Green-Brown,Convex-Depressed,
P,Brown,Convex-Bellshaped,Smooth
P,Black,Convex-Depressed,Fibrous
P,Gray,Convex-Flat,Silky
E,White-Brown,Convex-Depressed,Smooth
P,Pale-Tan,Bellshaped,Smooth
E,White,Convex-Conical,Silky-Smooth
P,Brown,Convex-Conical,Smooth
P,White,Convex,Fibrous-Silky
P,Black-Brown,Convex-Knobbed,Smooth
P,Black,Convex-Depressed,Silky-Fibrous
P,White,Convex-Flat,Smooth
P,Brown-Black,Conical-Flat,Smooth
I,Black,JellyFungi,Smooth
P,Black,JellyFungi,Smooth
P,White,JellyFungi,Smooth
E,Brown,JellyFungi,Smooth
P,White,JellyFungi,Smooth
P,White,Corticioid,Hairy
P,Orange,Shellshaped,
P,White,Shellshaped,
I,White-Brown,Convex-Depressed,Fibrous
E,Red,Polypore,Smooth-Silky
P,Brown,Convex-Flat,RaisedScales
E,Orange-Brown,Convex,RaisedScales
E,Brown-Orange,Convex,Smooth
I,Brown-Gray,Polypore-Shellshaped,Smooth
I,Gray,Polypore-Shellshaped,Smooth
E,Gray-Brown,Polypore,Smooth
E,Red-Black,Polypore-Shellshaped,Smooth
I,Yellow-Orange,Convex-Flat,Smooth-Patches
I,Brown-Black,Polypore,Velvety
I,Orange-Brown,Convex-Flat,Smooth-Fibrous
P,Yellow-Brown,Convex-Flat,Smooth
P,Brown,Convex-Conical,Smooth
I,Brown,Convex-Bellshaped,Smooth
P,Brown-Pale,Conical-Convex,Smooth
E,Brown,Convex-Knobbed,Smooth
P,Brown,Conical-Convex,Smooth
I,Black-Brown,CupFungi,Smooth
E,Gray-Brown,Polypore-Shellshaped,Smooth
I,Brown-Black,Polypore-Shellshaped,Velvety
I,Red-Brown,,Smooth
E,Brown-Red,Polypore-Shellshaped,Smooth
I,Red,Shellshaped,Smooth
I,Brown,Shellshaped-Polypore,Smooth
E,Brown,Polypore-Shellshaped,Smooth
I,Brown,Polypore-Shellshaped,Smooth
E,Red,Shellshaped-Polypore,Smooth
I,Gray,Earthstars,Smooth
I,White,Earthstars,
P,Brown,Earthstars,
I,Black,Earthstars,
I,Gray,Earthstars,
I,Gray,Earthstars,Smooth
I,Gray,Earthstars,
P,,Earthstars,
I,Brown-White,Earthstars,
P,Black,CoralFungi,Smooth
P,Black,CoralFungi,Smooth
I,Pale,CupFungi,
E,Brown,Truffles,Hairy
I,Brown,CupFungi,Smooth
P,Green,Convex,Smooth
P,Gray-Brown,Convex-Knobbed,Smooth
E,Orange-Brown,Convex-Depressed,Smooth
I,Green,Convex,Smooth
I,Orange-Brown,Polypore,Velvety-Hairy
E,Lilac-Brown,Convex-Depressed,Smooth
E,Brown-Pale,Convex-Depressed,Smooth
E,Pink-Pale,Convex-Depressed,Smooth
E,Red-Pink,Convex-Flat,Smooth
E,Pink,Convex-Flat,Smooth
E,Pink,Convex-Depressed,Smooth
E,Lilac,Funnelshaped-Depressed,Smooth-Silky
I,Gray-Pale,Convex-Depressed,Smooth-RaisedScales
E,Gray,Polypore,Velvety-Silky
E,Orange,Funnelshaped-JellyFungi,Smooth-Silky
I,Yellow,JellyFungi,Smooth
E,Purple-Yellow,Convex-Flat,Fibrous-FlatScales
I,Purple,Convex-Flat,RaisedScales
E,Orange,Convex,Smooth
E,Pink-Yellow,Convex-Bellshaped,FlatScales
I,Yellow,Convex-Flat,Smooth-Silky
I,Orange-Yellow,Convex-Flat,FlatScales-Fibrous
I,Brown,Convex,Smooth
E,Purple-Black,Convex-Flat,RaisedScales
I,Brown,Convex-Flat,Smooth
E,Yellow,Convex-Flat,Smooth-Fibrous
E,Yellow-Brown,Convex-Flat,Fibrous-FlatScales
E,Brown,Convex,Fibrous
I,Brown,Convex-Depressed,Smooth
P,Brown-Pale,Convex-Bellshaped,Smooth
E,Brown-Pale,Convex,Smooth-Silky
E,Brown,Convex-Flat,Smooth
I,Yellow,Convex,Smooth
P,Orange,Corticioid,Smooth
E,Pale-Brown,Convex-Bolete,Smooth-Silky
P,Brown,FalseMorels,Smooth
E,Brown,FalseMorels,Smooth
P,Brown,FalseMorels,Smooth
I,Brown,FalseMorels,Smooth
E,Pale,Convex-Bolete,Hairy-Fibrous
E,Green-Orange,Convex,Smooth
E,Red,Polypore-Shellshaped,Smooth
I,Brown,Funnelshaped,Hairy
E,Pink,Convex-Bolete,Smooth-Silky
P,Pale-Tan,Convex,Smooth
P,Brown,Convex-Flat,Smooth
P,Tan-Pale,Convex,Smooth-FlatScales
P,Tan,Convex-Flat,Smooth
P,Brown,Convex,Fibrous-FlatScales
I,Brown,CupFungi,Smooth
I,Black-Gray,FalseMorels,Smooth
I,Gray,CupFungi,RaisedScales
P,White,FalseMorels,Smooth
E,Black-Gray,FalseMorels,Smooth
I,Brown,FalseMorels,Smooth
I,Gray,CupFungi,Smooth-Velvety
E,Black,FalseMorels,Smooth
I,White,CupFungi,Smooth
I,Gray-Brown,CupFungi,Smooth-RaisedScales
I,Gray-Black,CupFungi,Hairy
I,Black-Brown,CupFungi,Smooth
E,Black,FalseMorels,Smooth
P,Pale-White,Corticioid,Smooth
E,Brown,Convex-Bolete,Smooth
P,White,Bellshaped-Conical,Smooth
E,White,ToothFungi,Smooth
E,White,ToothFungi,Hairy
E,White,ToothFungi,
I,Black-Brown,Polypore-Shellshaped,Smooth
P,Black-Gray,Convex-JellyFungi,Silky
P,Gray,Convex-Flat,Hairy
E,Brown-Tan,Funnelshaped-Shellshaped,Smooth
E,Brown-Yellow,Convex-Bolete,Silky-FlatScales
E,Brown,Convex-Bolete,Silky-FlatScales
P,Red,Convex-Bolete,Smooth-Silky
I,Brown,CupFungi,Hairy
P,White-Orange,Funnelshaped-ToothFungi,Velvety
P,Orange,ToothFungi-Funnelshaped,Velvety
P,Blue,ToothFungi,Velvety
I,Brown,ToothFungi,Velvety
I,Blue,ToothFungi,RaisedScales-Velvety
P,White-Red,ToothFungi,Velvety
I,Red-White,ToothFungi,Velvety
I,Black-Brown,Funnelshaped-ToothFungi,Velvety
I,,ToothFungi,Velvety
I,White-Brown,ToothFungi,Velvety
E,Orange,ToothFungi-Depressed,Smooth-Silky
E,Orange-Pale,ToothFungi,Smooth
E,Orange,Convex-ToothFungi,Smooth
P,Yellow-Orange,Conical,Smooth
P,Orange,Conical,Smooth
E,Red,Convex,Fibrous
P,Yellow,Convex,Smooth
E,Yellow,Convex-Flat,Smooth
E,Red,Conical-Convex,Smooth
P,Orange,Conical,Smooth
I,Red-Orange,Conical,Silky
E,Yellow,Convex-Flat,Smooth
E,Gray,Conical-Flat,Smooth
I,Red-Orange,Convex-Bellshaped,Smooth
P,Orange,Conical-Flat,Smooth
E,Red,Convex,Smooth-Fibrous
E,Red,Convex-Conical,Smooth
I,Yellow-Orange,Convex-Conical,Smooth
E,Red-Orange,Convex,Smooth
P,Brown,Conical,Smooth-Fibrous
E,Red,Conical-Convex,Smooth
P,Orange,Convex-Depressed,Velvety-Silky
P,Orange-Brown,Convex-Funnelshaped,Smooth
E,Brown-Gray,Convex,Smooth
E,Brown,Convex-Flat,Smooth
E,Brown-Black,Convex-Depressed,Smooth
E,White-Yellow,Convex-Flat,Smooth
E,White,Convex-Depressed,Smooth-Silky
I,White-Pink,Convex-Flat,Smooth
E,Brown,Convex-Depressed,Smooth
E,Brown-Gray,Convex,Smooth
E,Yellow,Bellshaped-Conical,Smooth
E,Gray-Black,Convex,Smooth
E,Brown,Convex-Depressed,Smooth
P,Brown-Gray,Convex-Flat,Smooth
E,Brown,Convex-Knobbed,Smooth
E,Brown-Gray,Convex-Conical,Smooth
E,Pale,Convex-Flat,Smooth
E,Pale-Tan,Convex-Bellshaped,Smooth
E,Brown-Gray,Convex-Bellshaped,Smooth
E,Red-Pink,Convex-Depressed,Smooth
P,Brown,Corticioid,Smooth
P,Brown,Corticioid,Velvety
E,Brown,Convex-Flat,Smooth
P,Yellow,CupFungi,Smooth
P,,Flat-Depressed,Smooth
E,Brown,Convex-Bellshaped,Smooth
P,Yellow,Convex-Flat,Smooth
E,Red-Pink,Convex,Smooth-Fibrous
I,Red,Convex,Smooth
I,Pale,FalseMorels,
I,White,Convex,Patches
E,Orange,Funnelshaped,Smooth
E,White-Tan,Convex,Smooth-FlatScales
E,White,Convex,Smooth
E,White,ToothFungi,Hairy
E,White,Conical-Bellshaped,Fibrous-Smooth
E,White,Stinkhorns,
P,White,Stinkhorns,
E,Brown,Convex-Bolete,Velvety-Silky
I,Red,Convex,Velvety
E,White,Convex-Funnelshaped,Smooth
E,Tan,Funnelshaped,Smooth
I,Yellow-Brown,Shellshaped-Polypore,Velvety-Hairy
E,Brown,Conical-Flat,Fibrous-Smooth
P,Orange,Conical-Bellshaped,Smooth
P,White,Conical-Bellshaped,Smooth-Silky
P,Black-Brown,Convex-Bellshaped,RaisedScales
P,Brown,Convex-Depressed,Hairy-Fibrous
P,Brown,Conical-Flat,Smooth
P,Yellow-Brown,Conical-Knobbed,Fibrous-Silky
E,Brown,Polypore-Shellshaped,Velvety
E,Black,Polypore,
I,Yellow-Brown,Polypore-Shellshaped,Velvety-Smooth
I,Brown-Yellow,Polypore-Shellshaped,Velvety
I,White,Corticioid,
E,Brown,Polypore-Shellshaped,Velvety
E,Brown,Truffles,
P,Gray,Corticioid,Velvety
E,Yellow,Convex-Flat,Smooth
E,Purple,Convex-Depressed,Silky
E,Brown-Pale,Convex-Depressed,Smooth
P,Red-Brown,Convex-Depressed,Smooth
E,Brown,Convex-Flat,Smooth
E,Orange,Convex-Flat,Smooth
E,Pink-Brown,Convex-Depressed,Smooth
I,Yellow,CupFungi,Hairy
E,Yellow-Brown,Convex-Bellshaped,Hairy-Fibrous
P,Lilac,Convex-Depressed,Smooth
I,Gray,Convex-Depressed,Smooth
E,Brown,Convex-Depressed,Smooth
P,Pale-Pink,Convex-Depressed,Smooth
I,White,Convex-Funnelshaped,Smooth
E,Orange,Convex-Depressed,Smooth
E,Yellow,Convex-Depressed,Smooth
P,Yellow,Convex-Depressed,Smooth
P,Brown,Convex-Flat,Smooth
P,Red-Yellow,Convex-Depressed,Smooth
E,Pink,Convex-Depressed,Smooth
P,Brown,Convex-Depressed,Smooth
E,Blue,Convex-Funnelshaped,Smooth
E,Black,Convex-Depressed,Velvety-Silky
P,Pale-Yellow,Convex-Depressed,Hairy-Fibrous
P,Gray,Convex-Depressed,Smooth-Fibrous
E,Pale-Tan,Convex-Depressed,Smooth
E,Pale,Convex-Depressed,Smooth
E,White,Convex-Depressed,Smooth
E,Orange,Convex-Depressed,Smooth
P,Orange,Convex-Funnelshaped,Smooth
P,White,Convex-Depressed,Hairy-Fibrous
I,Pale-Gray,Convex-Depressed,Smooth
E,Brown,Convex-Depressed,Smooth
P,Yellow,Convex-Depressed,Hairy-Fibrous
E,Brown,Convex-Funnelshaped,Smooth
E,Brown,Convex-Depressed,Smooth
E,Orange,Convex-Depressed,Smooth
I,Pale,Convex-Depressed,Smooth-Hairy
I,Yellow,Convex-Depressed,Fibrous
E,Orange-Green,Convex-Depressed,Smooth-Patches
I,Brown,Convex-Depressed,Smooth
E,Pink,Convex-Depressed,RaisedScales
E,Brown,Convex-Depressed,Smooth
I,Orange,Convex-Depressed,Smooth
P,Pink,Convex-Depressed,Hairy-Fibrous
I,Brown-Black,Convex-Depressed,Smooth
P,Pale-Lilac,Convex-Depressed,Smooth
I,White,Convex-Depressed,Silky
I,Pale,Convex-Depressed,Smooth
E,Brown,Convex-Depressed,Smooth
E,Orange,Polypore-Shellshaped,Smooth
E,Yellow-Orange,Polypore-Shellshaped,Smooth
E,,Flat,Velvety-Hairy
E,Orange,Polypore-Shellshaped,Velvety
I,Brown,CupFungi,
E,Yellow-Brown,Convex-Bolete,Silky-FlatScales
E,Pale,Convex-Bolete,Smooth-FlatScales
E,Brown,Convex-Bolete,Smooth-Silky
E,Brown,Convex-Bolete,Smooth-Velvety
E,Brown-Pale,Convex-Bolete,Smooth-Silky
E,White,Convex,Smooth
E,Brown,Convex-Bolete,
E,Brown,Convex-Bolete,Smooth-Silky
E,Brown,Convex-Bolete,Smooth-Silky
E,Black,Bolete-Convex,Smooth-Silky
E,Orange-Brown,Bolete-Convex,Smooth
E,Brown-Red,Bolete-Convex,Smooth-Silky
E,Brown,Funnelshaped,Smooth
P,Brown,Shellshaped,Hairy-Velvety
E,Brown-Tan,Convex,
I,Brown,Convex-Depressed,Hairy-FlatScales
E,Purple,Shellshaped,RaisedScales
E,Tan-Brown,Convex-Depressed,FlatScales
I,Yellow,Convex-JellyFungi,Smooth
P,Brown-Pale,Convex-Flat,FlatScales
P,Brown,Convex-Bellshaped,FlatScales-Patches
P,White-Brown,Bellshaped-Flat,Fibrous-Hairy
P,White-Brown,Convex-Conical,Smooth-FlatScales
P,White-Brown,Convex-Flat,FlatScales
I,White,Convex,Fibrous
P,Yellow-Brown,Bellshaped-Flat,FlatScales-Fibrous
P,Brown,Convex,FlatScales
E,White-Pale,Convex,Smooth
P,White-Gray,Convex-Flat,Smooth
E,Brown-Purple,Convex,Smooth-Silky
E,Violet-Tan,Convex-Knobbed,Smooth
I,Red-Orange,Convex-Bellshaped,Patches
I,Red,Conical-Bellshaped,Smooth
I,Orange,Convex,Patches
E,Black,Truffles,
E,White,Convex-Flat,FlatScales
E,White-Gray,Convex-Flat,Fibrous-FlatScales
P,Gray,Convex-Bellshaped,Smooth
I,Yellow,Bellshaped-Conical,RaisedScales-Fibrous
P,White-Gray,Convex-Flat,FlatScales
E,White,Convex-Bellshaped,Patches
I,White,Convex-Flat,Patches-Fibrous
P,Yellow,Convex-Flat,Smooth-Powder
I,Brown,Convex,Smooth
E,White,Funnelshaped,Smooth
E,Brown,Convex-Flat,Smooth
E,Brown,Convex-Flat,Hairy-Fibrous
P,Yellow-Tan,Convex-Depressed,Smooth
P,White,Convex,Smooth
I,Green-Yellow,Conical-Flat,Smooth
E,Brown,Puffballs,RaisedScales
E,White,Puffballs,RaisedScales
I,White,Puffballs,RaisedScales-Patches
P,Brown,Puffballs,RaisedScales
E,White,Puffballs,RaisedScales
E,White,Puffballs,RaisedScales
E,White,Puffballs,RaisedScales
E,Brown-Pale,Puffballs,RaisedScales
E,Brown,Puffballs,RaisedScales
E,White-Pale,Puffballs,FlatScales-RaisedScales
P,White,Convex,Smooth
E,Gray-Brown,Convex-Flat,Smooth
E,Brown,Convex-Flat,Smooth-FlatScales
E,Gray-Brown,Convex-Flat,Smooth
P,Pale,Stinkhorns,
I,White,Convex,Smooth-Powder
I,Pale,Convex-Flat,Smooth
I,Brown,Bellshaped-Flat,Smooth-Silky
E,White-Brown,Conical,FlatScales-Patches
E,White-Brown,Convex-Knobbed,Patches
E,Yellow-Purple,Convex-Flat,FlatScales-Fibrous
I,White,Convex-Depressed,Powder-Smooth
I,Brown,Convex-Flat,Smooth
P,White,Convex-Flat,Smooth
I,White-Pale,Bellshaped-Depressed,Smooth
P,Pink,Bellshaped-Conical,Smooth
E,Pale,Convex-Knobbed,Smooth
I,Brown-White,Convex-Depressed,Smooth
P,Pale-Orange,Bellshaped-Knobbed,Smooth
P,Gray,Convex-Knobbed,Smooth
E,Brown-Gray,Convex-Flat,Smooth
I,Black,Truffles,
E,Brown,Convex-Knobbed,Smooth
E,Brown-Black,Convex,Smooth
E,Brown,Convex-Flat,Smooth
P,Orange,CupFungi,Smooth-RaisedScales
E,Brown,Polypore,Smooth
E,White-Brown,Polypore-Shellshaped,Smooth-Velvety
P,Brown,ToothFungi,Smooth
P,Brown-Green,CoralFungi,Smooth
P,Yellow,CoralFungi,Smooth
P,Blue-Green,CoralFungi,Smooth
I,Red,CupFungi,Hairy
I,Red,CupFungi,Smooth-Hairy
P,Yellow,CoralFungi,Smooth
E,Brown-Black,TrueMorels-Conical,
E,Gray,TrueMorels-Cylindrical,
E,Tan,TrueMorels-Conical,
E,Black,TrueMorels,
E,Brown-Black,TrueMorels-Conical,
E,Purple-Black,TrueMorels-Conical,
E,Gray-Black,TrueMorels-Conical,
E,Black,TrueMorels-Conical,
E,Gray,TrueMorels,
E,Black,TrueMorels,
E,Gray-Black,TrueMorels,
E,Pale,TrueMorels-Conical,
P,Red,Stinkhorns,
I,Orange-Yellow,Stinkhorns,Slimy
E,Red-Black,Stinkhorns,
P,Orange-Red,Convex-Bellshaped,Smooth
I,Pink,Conical-Bellshaped,Smooth
I,Gray,Conical-Bellshaped,Smooth
I,Gray,Conical-Bellshaped,Smooth
I,Blue-Brown,Conical-Convex,Smooth
P,Gray,Conical-Bellshaped,Smooth
P,Yellow,Bellshaped,Smooth
I,White,Convex-Bellshaped,Powder
E,Pale,JellyFungi-Convex,Smooth
P,Violet,Convex,Smooth
E,Yellow,Conical-Bellshaped,Smooth
P,Pale,Conical,Smooth
E,Gray-Brown,Conical,Smooth
I,White-Yellow,Conical,Smooth
P,Pink,Convex,Smooth
I,Tan-Gray,Convex-Knobbed,Smooth
I,Pale-Gray,Conical-Bellshaped,Smooth
P,Pale,Bellshaped-Conical,Smooth
I,Brown,Convex-Funnelshaped,Smooth
I,Brown,Convex,Smooth
P,White-Blue,Convex-JellyFungi,Powder
P,Orange-Brown,Convex-Conical,Smooth
I,Gray-Brown,Convex,Smooth
P,Gray-Pale,Convex,Smooth
E,Pink,Convex-Depressed,Smooth
I,Gray-Brown,Conical-Flat,Smooth
I,White,Conical-Bellshaped,Smooth-Powder
I,Yellow,Convex,Smooth
P,Pale-Purple,Convex,Smooth
I,Gray-Brown,Bellshaped,Smooth
P,Lilac-Pink,Conical-Convex,Smooth
P,Purple-Pink,Conical-Bellshaped,Smooth
P,Pink-Brown,Conical,Smooth
P,Pink,Bellshaped,Smooth
I,Orange,Bellshaped-Knobbed,Smooth
I,Blue,Convex,RaisedScales-Hairy
P,Brown,Convex-Conical,Smooth
I,Gray,Conical-Bellshaped,Smooth
E,Gray,Convex,Smooth
E,White,Puffballs,Patches
E,Brown,Convex-Knobbed,Smooth
E,Pale-Tan,Convex-Depressed,Smooth
I,Gray-Brown,Earthstars,Smooth
I,Pink,Polypore-Shellshaped,Hairy
P,Brown,Convex-Flat,Smooth
P,Orange,Corticioid,
I,Blue-Brown,Convex-Flat,Smooth-Silky
E,Brown,Convex-Bolete,Smooth-Silky
E,Brown,Convex-Bolete,Smooth-Silky
I,White-Pink,CupFungi-JellyFungi,
E,Orange-Yellow,Polypore-Shellshaped,Hairy-Fibrous
P,Brown,Convex,FlatScales
I,Yellow,Convex-Funnelshaped,Smooth
P,White,Shellshaped,Smooth
P,Orange,Convex-Funnelshaped,Smooth
P,White,Funnelshaped,Smooth
P,Orange,Convex-Depressed,Smooth
P,Orange-Brown,Convex-Funnelshaped,Smooth
I,Brown,Polypore,Velvety
I,Orange,Convex-Bellshaped,Smooth-Silky
I,Brown,CupFungi,Smooth
I,Brown,CupFungi,Smooth
E,Yellow,CupFungi,Smooth
E,White,Convex-Flat,Smooth
E,White-Brown,Convex,Smooth
E,Black-Brown,TrueMorels-Conical,
E,Gray-Brown,Shellshaped,Smooth
I,Brown,CupFungi,Smooth
E,Brown-Pale,Convex-Bellshaped,Smooth
E,White-Gray,Convex,Smooth
E,Gray-Tan,Bellshaped-Flat,Smooth
E,Brown,Convex-Conical,Smooth
E,Brown,Convex,Smooth
E,Gray,Convex,Smooth
I,Brown-Black,Convex,Smooth
E,Black-Brown,Convex-Conical,Smooth
E,Brown-Pale,Conical-Bellshaped,Smooth
I,White-Pale,Convex-Conical,Smooth
I,White,Shellshaped,Silky
E,Green,Shellshaped,Smooth
P,Pale-Brown,Convex,Velvety-Hairy
E,Purple,Convex-Depressed,Smooth
I,Pink-Tan,Convex,Hairy
P,Pale-Tan,Convex-Depressed,Smooth
E,Yellow,Funnelshaped-Depressed,Smooth
P,Yellow-Brown,Convex-Depressed,Smooth
I,Gray,Convex-Conical,Smooth
P,Brown,Conical-Convex,Smooth
I,Gray,Convex-Depressed,Smooth
P,Pale-Gray,Convex-Depressed,
I,Gray,Convex-Bellshaped,Smooth-Powder
P,Brown,Convex-Depressed,Smooth
P,Brown,Convex-Funnelshaped,Smooth-FlatScales
E,White,Puffballs,RaisedScales-Patches
I,Brown,CupFungi,Smooth
I,Brown,CupFungi,Smooth
E,Brown-Black,CupFungi,Smooth
I,Gray-Pale,CupFungi,Smooth
I,Brown,CupFungi,Smooth
I,Brown,CupFungi,Smooth
E,Brown,CupFungi,Smooth
I,Violet-Lilac,CupFungi,Smooth
P,Brown,Convex-Flat,Powder
I,Black-Brown,Polypore,Velvety
E,Black,Stinkhorns,
E,Black-White,Stinkhorns,
E,Black,Stinkhorns,
P,Brown-Yellow,Stinkhorns,
E,Black,Stinkhorns,
I,Red,Stinkhorns,
I,Brown,Shellshaped,Velvety
I,Black,Polypore-Shellshaped,Smooth
I,Black,Polypore-Shellshaped,
I,Black,Shellshaped,
P,Brown-Gray,Shellshaped,Hairy
I,Gray-Brown,ToothFungi,Velvety-Hairy
I,Black,ToothFungi-Funnelshaped,Velvety
P,Brown,ToothFungi,Velvety-Fibrous
P,Orange,Corticioid,Hairy
E,Yellow,Bellshaped,Smooth-Patches
I,Yellow,Convex-Flat,Smooth
P,Yellow,Convex,Patches
I,Yellow,Convex-Bellshaped,Hairy
P,Pale,Convex,Patches
E,Brown,Convex-Flat,Smooth
I,Orange-Yellow,Convex-Flat,Patches
P,Brown-Pale,Convex-Flat,Smooth-Fibrous
P,Yellow,Convex-Flat,FlatScales-Patches
E,Orange,Convex,Smooth
P,Pink-Purple,Convex,Hairy-Fibrous
E,Yellow-Brown,Convex,Hairy-Fibrous
P,Yellow,Convex-Bellshaped,Hairy-Fibrous
E,Yellow,Convex-Bellshaped,RaisedScales
P,Brown-Yellow,Conical-Bellshaped,Smooth
E,Brown,Convex-Flat,Smooth
E,Brown,Convex-Flat,Smooth
I,Orange,Shellshaped,Hairy
I,Black-Brown,Truffles,Smooth
I,Blue,Convex,Smooth
I,Black,CupFungi,Smooth-RaisedScales
P,White,Funnelshaped,Smooth
E,Brown,Shellshaped,Smooth
E,Yellow,Funnelshaped,Smooth
E,White-Pale,Funnelshaped-Depressed,Smooth
E,Pink,Shellshaped,Smooth-Silky
E,White,Convex,Hairy-Patches
E,White,Convex-Depressed,Smooth
E,White,Shellshaped,Smooth
E,White,Shellshaped,Smooth
P,White,Corticioid,Velvety-Hairy
E,Gray-Brown,Bellshaped-Flat,Smooth
E,Black-Brown,Convex,Smooth
E,Brown,Convex-Flat,Smooth-Fibrous
E,Yellow,Convex-Knobbed,Smooth
E,Yellow,Convex,Silky
P,White-Gray,Convex-Bellshaped,Smooth
E,Pale,Convex-Flat,Smooth
E,Brown,Convex-Flat,
E,Gray,Convex,Smooth
E,Black-Brown,Convex-Flat,Hairy-Fibrous
P,Brown,Convex,Hairy-Velvety
E,White,Cylindrical,Patches-Fibrous
E,Blue-Purple,Funnelshaped,Velvety
I,Brown,Polypore,Hairy-Silky
I,Gray-Brown,Convex-Flat,Hairy-Fibrous
I,Brown,Funnelshaped-Polypore,Smooth
I,Brown,Polypore,Smooth
E,Brown,Polypore-Funnelshaped,Hairy
E,Gray,Polypore,Smooth
I,Gray,CupFungi,Smooth
I,,Shellshaped-Polypore,Smooth
I,Black-Brown,Convex-Bolete,Smooth-Silky
E,Pink,Conical,Smooth
I,Blue-Gray,Polypore,Hairy-Fibrous
I,White,Polypore-Shellshaped,Velvety-Hairy
I,White,Polypore-Shellshaped,Velvety
I,White,Polypore-Shellshaped,Hairy-Velvety
P,Brown-Pale,Bellshaped,Smooth
I,Tan,Convex,Hairy
I,Brown-Pale,Convex-Bellshaped,Smooth
P,Brown,Convex-Flat,Smooth
P,Brown,Conical,Fibrous
E,Brown,Convex-Bellshaped,Hairy-Fibrous
E,Brown,Convex-Bellshaped,Smooth
E,Yellow-Brown,Convex,Smooth
E,Brown-Black,Convex-Depressed,Smooth
I,Red,Stinkhorns,
E,White,JellyFungi-ToothFungi,RaisedScales
I,Orange-Brown,Polypore,Velvety
I,Black,CupFungi,Smooth
E,Brown,Convex-Flat,Smooth
E,Brown,Convex-Flat,Smooth-Slimy
E,Brown,Conical-Knobbed,Smooth
E,Black,Convex-Conical,Smooth
E,Pale,Convex,Smooth
E,Brown,Convex-Bellshaped,Smooth
E,Yellow-Brown,Conical-Convex,Smooth
E,Brown-Yellow,Convex-Knobbed,Smooth
E,Brown,Conical-Convex,Smooth
E,Brown-Yellow,Convex-Knobbed,Smooth
E,Violet-Black,Convex-Conical,Smooth
E,Brown,Conical-Bellshaped,Smooth
E,Brown,Conical,Smooth
E,White,Conical-Bellshaped,Smooth
E,Brown,Conical-Bellshaped,Smooth
E,Brown,Convex-Knobbed,Smooth
E,Brown-Pale,Conical,Smooth
E,Brown,Convex,Smooth
E,Pale,Conical-Knobbed,Smooth
E,Pale,Conical-Knobbed,Smooth
E,Brown,Conical,Smooth
E,Brown,Conical-Flat,Smooth
E,Tan,Convex-Conical,Smooth
E,Brown,Conical-Knobbed,Smooth
E,Brown,Conical,Smooth
E,Brown,Convex-Bellshaped,Smooth
E,Brown,Convex-Conical,Smooth
E,Pale-Gray,,Smooth
E,Brown,Conical-Bellshaped,Smooth
E,Lilac,Convex-Depressed,Smooth
I,Orange,Polypore-Shellshaped,Velvety
I,Orange,Polypore,Velvety
I,Green-Yellow,CoralFungi,Smooth
E,Red,CoralFungi,Smooth
E,Pink-Red,CoralFungi,Smooth
P,Pink,CoralFungi,Smooth
E,Pale-Yellow,CoralFungi,Smooth
I,Tan,CoralFungi,
E,Yellow,CoralFungi,Smooth
P,Yellow,CoralFungi,Smooth
E,White-Pale,CoralFungi,Smooth
E,Pink-Red,CoralFungi,Smooth
I,Yellow,CoralFungi,Smooth
I,Black-Violet,ToothFungi,Smooth-Silky
I,Gray,Convex-Shellshaped,Hairy-Fibrous
E,Yellow,Convex-Bolete,Velvety
E,Tan,Convex-Bolete,Smooth-FlatScales
I,Brown,Truffles,Fibrous
E,Brown,Truffles,Smooth
E,Brown,Convex,Smooth
I,White,Convex,Smooth
P,Pink,Corticioid,
I,Pink,Convex-JellyFungi,Smooth-Silky
P,Orange,Convex-Depressed,Smooth
P,White-Brown,Convex-Depressed,Smooth
I,Black-Brown,Convex-Polypore,Smooth
P,Red,Bolete-Convex,Smooth-Silky
P,Red,Convex,Smooth
P,Red,Convex-Bolete,Smooth
P,Gray-Pink,Convex-Bolete,Smooth-Silky
E,Pink-Pale,Convex-Bolete,Smooth-Silky
P,Brown-Red,Bolete-Convex,Smooth-Silky
I,Gray-Red,Convex-Bolete,Smooth-Silky
P,Purple,Convex,Smooth-Fibrous
P,Pale-Red,Convex-Bolete,Smooth
E,Brown,Convex,Smooth
E,Brown-Gray,Convex-Depressed,Smooth
E,Gray-Green,Convex-Depressed,Smooth
E,Gray-Brown,Convex-Depressed,Smooth
E,Purple,Convex-Depressed,Smooth
E,Orange-Red,Convex-Depressed,Smooth
E,Pink-Yellow,Convex-Depressed,Smooth-Velvety
E,Violet,Convex-Depressed,Smooth
I,White-Pink,Convex-Depressed,Smooth
E,White,Convex-Depressed,Smooth
E,Yellow,Convex-Depressed,Smooth
E,Lilac-Violet,Convex-Depressed,Smooth
E,Orange,Convex-Depressed,Smooth
E,White,Convex-Funnelshaped,Smooth
E,Brown,Convex-Depressed,Smooth
P,Brown,Convex-Depressed,Smooth
P,Pink-Red,Convex-Depressed,Smooth
I,Yellow,Convex-Depressed,Smooth
I,Yellow,Convex-Depressed,Smooth
I,Yellow,Convex-Depressed,Smooth
I,Purple,Convex-Depressed,Smooth
P,Brown-Yellow,Convex-Depressed,Smooth
P,Gray-Pink,Convex-Depressed,Smooth
P,Brown,Flat-Depressed,Smooth
E,Green,Convex-Depressed,Smooth
I,Brown-Yellow,Convex-Flat,Smooth
E,Gray-Black,Convex-Depressed,Smooth
P,Red,Convex-Depressed,Smooth
E,Yellow,Convex-Depressed,Smooth
E,Green-Violet,Convex-Depressed,Smooth
E,Purple,Convex-Depressed,Smooth
P,Purple,Convex-Depressed,Smooth
E,Red-Pink,Convex-Depressed,Smooth
I,Red,Convex-Depressed,Smooth
I,Purple,Convex-Depressed,Smooth
I,Red-Purple,Convex-Depressed,Smooth
E,Purple,Convex-Depressed,Smooth
E,Green-Pink,Convex-Flat,Smooth
E,Red-Brown,Convex-Depressed,Smooth
E,Green,Convex,Patches
E,Red-Green,Convex-Flat,FlatScales
E,Red,Convex-Depressed,Smooth
E,Tan,Cauliflower,Smooth
E,Brown,Convex-ToothFungi,Patches
P,Pale-Brown,Convex-ToothFungi,Smooth
P,Brown,Convex-ToothFungi,FlatScales-Hairy
E,Brown,Convex-ToothFungi,Fibrous-Patches
E,Red,CupFungi,Smooth
E,Red,CupFungi,Smooth
I,Red,CupFungi,Smooth
I,Brown,CupFungi,
I,Pink-Brown,CupFungi,Smooth
I,White-Tan,Bellshaped-Flat,Smooth-Patches
I,Gray-White,Shellshaped,Hairy
P,Brown,Puffballs,FlatScales
P,Brown,Puffballs,FlatScales-Patches
P,White,Earthstars-Truffles,Smooth-Patches
I,Brown,Puffballs,FlatScales
I,Red,CupFungi,Smooth-Hairy
I,Orange,CupFungi,Hairy
I,Red,CupFungi,Hairy
I,Orange-Red,CupFungi,Smooth-Hairy
P,Gray,Corticioid,
P,White,CoralFungi,
I,White,CoralFungi,Smooth
P,Brown,Corticioid,Velvety
P,Brown,Convex-Flat,Velvety
I,White,Corticioid,Hairy
P,White,Convex,Fibrous-Patches
E,Pale-Tan,Puffballs,RaisedScales
E,Yellow,Cauliflower,
E,White-Tan,Cauliflower,Smooth
E,Yellow,CoralFungi,Smooth
I,Pale,CoralFungi,Smooth
P,Brown,Conical,Hairy
I,Orange,JellyFungi-CoralFungi,
I,White,ToothFungi,Smooth
P,Pale-Brown,Convex-Flat,Hairy-Fibrous
P,Brown,Corticioid-ToothFungi,
I,Brown,Polypore-Shellshaped,Hairy
I,Brown-Orange,Funnelshaped,Velvety-Smooth
P,Brown-Gray,Corticioid,Smooth-Hairy
I,,Corticioid,Velvety
I,Brown,Shellshaped,Smooth
E,Black-Brown,Convex-Bolete,Fibrous-Patches
E,Brown,Convex-Flat,Smooth
E,Black-Brown,Convex-Flat,Smooth
P,Brown,Convex-Depressed,Smooth
P,Blue,Convex-Bellshaped,Smooth
I,Yellow,Convex-Flat,Smooth-Slimy
I,Blue,Bellshaped-Convex,Hairy
P,Yellow,Convex-Flat,Smooth
I,Brown,Convex-Conical,Smooth
E,White,Convex-Bellshaped,Smooth-Fibrous
I,Blue-Gray,Convex-Conical,Smooth-Fibrous
E,Red-Brown,Convex-Flat,Smooth
E,Pale-Yellow,Convex,Smooth
E,Yellow-Brown,Convex-Bolete,Smooth-Silky
P,Red-Pale,Convex-Bolete,Smooth-Silky
E,Yellow-Red,Convex-Bolete,Smooth-Silky
E,Yellow,Convex-Bolete,Smooth
E,Gray-Pale,Convex-Bolete,Smooth
E,Brown,Convex,Smooth
E,Pale-Yellow,Convex-Bolete,Smooth
E,Brown,Convex-Flat,Smooth-Slimy
E,Brown,Convex,Hairy-Fibrous
E,Brown,Convex-Flat,FlatScales
E,Brown-Pale,Convex-Bolete,Smooth
E,Yellow-Orange,Convex-Bolete,Smooth-Slimy
E,Brown-Yellow,Convex,Smooth-Slimy
E,Brown,Convex-Depressed,Fibrous-FlatScales
E,Brown,Convex-Bolete,Smooth-Slimy
E,Brown-Yellow,Convex-Bolete,Smooth
E,White-Yellow,Convex,Smooth
E,Brown,Convex,Smooth
E,Brown-Orange,Convex,Smooth-Slimy
E,Yellow,Convex-Flat,Smooth-Patches
E,Pink,Convex-Bolete,Fibrous-FlatScales
E,Brown,Convex-Flat,Fibrous-Patches
E,Yellow,Convex-Bolete,Hairy-Smooth
E,Orange,Convex,Hairy-Fibrous
E,Yellow-Brown,Convex,Fibrous-Patches
E,White-Gray,Convex-Flat,Smooth
E,Yellow,Convex-Bolete,Velvety-Silky
I,Yellow,JellyFungi,Smooth
E,Black,Truffles,
E,White,JellyFungi,Smooth
I,Brown,Convex-Funnelshaped,Smooth-Silky
P,Yellow-Brown,Shellshaped,Velvety
I,Gray-Yellow,CupFungi,Smooth
P,Blue,Corticioid,Velvety
E,White,Convex-Flat,Smooth
E,White,Convex-Flat,Smooth-Fibrous
E,Brown,Convex,Smooth-FlatScales
P,Gray-Brown,CoralFungi,Hairy
P,Gray,CoralFungi,Smooth
P,Brown,CoralFungi,Smooth-Hairy
I,Black-Brown,Corticioid,Velvety-Hairy
I,Gray-White,Funnelshaped,Velvety-Hairy
I,Gray,Polypore-Shellshaped,Velvety
E,Gray,Polypore-Shellshaped,Smooth
I,White-Gray,Polypore-Shellshaped,Smooth-Hairy
I,Brown-Pink,Shellshaped-Polypore,Velvety
I,Brown,Polypore-Shellshaped,Velvety
I,Pale,Polypore-Shellshaped,Smooth
I,White,Polypore,Velvety
I,Brown,Polypore,Hairy
E,Gray,Polypore,Velvety
E,Yellow,JellyFungi,Smooth
P,Pink,JellyFungi,Smooth
E,Brown-Pale,JellyFungi-Cauliflower,Smooth
E,Yellow,JellyFungi,Smooth
I,Purple,Polypore-Shellshaped,Velvety
I,Gray-Lilac,Polypore-Shellshaped,Velvety
P,Black,CoralFungi,Velvety
P,Black,CoralFungi,Smooth
P,Yellow,Convex,Smooth
P,White,Convex-Flat,Smooth
E,Gray-Brown,Convex-Knobbed,FlatScales-Fibrous
P,Brown-Yellow,Convex-Bellshaped,Smooth-Fibrous
P,Gray,Convex-Flat,FlatScales
E,Brown,Convex,FlatScales-Patches
E,Gray-Brown,Convex,Fibrous
P,Yellow,Convex-Flat,Smooth
E,Brown,Convex-Flat,Fibrous-Patches
I,Brown,Convex-Flat,Smooth
E,Brown,Convex,Smooth-FlatScales
P,White-Pale,Convex-Knobbed,Smooth
E,White,Convex-Flat,Smooth-Fibrous
E,Gray,Convex-Conical,Fibrous-FlatScales
P,Gray-Pale,Convex-Flat,FlatScales
E,Gray-Black,Convex,Smooth
I,Pale-Gray,Convex-Flat,Smooth
P,Gray,Convex-Flat,Fibrous-FlatScales
P,Gray,Convex-Flat,
I,Brown,Convex-Flat,Smooth
I,Brown,Convex-Flat,Smooth-Fibrous
P,White,Convex-Depressed,Smooth-Silky
I,Yellow,Convex-Flat,Smooth
P,Gray,Convex-Knobbed,Hairy-Fibrous
P,Brown,Convex-Flat,Smooth
P,Brown,Convex-Flat,Fibrous-Patches
I,Gray,Conical-Knobbed,Smooth
P,Yellow,Convex-Flat,RaisedScales
E,Purple-Red,Conical-Bellshaped,Hairy-Fibrous
P,Yellow,Convex-Flat,Smooth-Fibrous
P,White-Brown,Bellshaped-Funnelshaped,Smooth
P,Pink,Convex-Flat,Smooth-Fibrous
P,Brown,Bellshaped-Convex,Smooth
E,Black,Truffles,
E,Brown,Truffles,
E,Black,Truffles,RaisedScales
E,Brown,Truffles,
E,Black,Truffles,
E,Brown,Truffles,
E,Black,Truffles,
E,Pale,Truffles,
E,Brown,Truffles,
E,Black,Truffles,
P,White-Gray,Puffballs,
P,Orange,Funnelshaped-Chanterelles,Smooth
P,Brown,Funnelshaped,RaisedScales-Patches
E,Orange,Convex-Bolete,Velvety
I,Tan-Brown,Convex-Bolete,Velvety-Silky
E,Brown,Convex-Bolete,Smooth-Silky
E,Brown-Tan,Convex-Bolete,Smooth-Silky
E,White,Convex-Bolete,Smooth
E,Purple-Brown,Convex-Bolete,Smooth-Silky
E,Brown,Convex-Bolete,Smooth
P,Pale,CoralFungi,Smooth
I,White,Polypore,Velvety
E,Violet-Purple,Convex-Flat,Smooth-Silky
I,Black,CupFungi,
E,Brown,TrueMorels,
E,Brown,Convex-Bellshaped,Smooth
E,White,Convex-Bellshaped,Hairy
I,White,Convex-Bellshaped,Hairy-Fibrous
E,Gray,Convex-Bellshaped,Smooth
P,White-Red,Convex-Depressed,Smooth
I,Brown,Conical-Bellshaped,Smooth
I,Pink-Purple,CupFungi,Smooth-Silky
E,Brown-Red,Convex-Bolete,Velvety-FlatScales
E,Brown,Convex-Bolete,Smooth-Silky
E,Red,Convex-Bolete,Smooth-FlatScales
E,Brown,Convex-Bolete,Smooth-Silky
E,Brown,Convex-Bolete,Smooth-Silky
E,Brown,Convex-Bolete,Silky-FlatScales
E,Brown,Convex-Bolete,Smooth-Silky
E,Brown-Red,Convex-Bolete,Smooth-FlatScales
E,,Convex-Bolete,Smooth-Silky
E,Brown-Yellow,Convex-Bolete,Velvety
P,Yellow-Orange,Convex-Depressed,Smooth
P,Brown,Flat-Depressed,Smooth
P,Yellow-Brown,Convex-Flat,Smooth
P,Yellow-Orange,Convex-Depressed,Smooth
E,Brown,Bellshaped-Flat,Velvety
I,Black-White,CoralFungi,Smooth
I,White,CoralFungi,Smooth
I,Black,CoralFungi,
I,Black,CoralFungi,
E,Brown-Black,Convex-Bolete,Velvety-Smooth
